document_id,title,author,datepub,citations,score_v1,N_qual_v1,N_total,text_length,Od_raw,Od,Id,score_v2,N_total_v2,T_total_v2,log_cit
6548,Report of the Task Force on Teaching Human Genetics in North American Medical Schools.,"Graham JM Jr, Rotter JI, Riccardi VM, Baird PA, Benkendorf J, Bodurtha J, Childs B, Davidson R, Huether CA, Laing K, et al.",1989,9,0.34152616301701283,3,68,898,2.2905578141200356,0.4854243019055812,0.21131565691113308,0.4031917084072468,68,72,2.302585092994046
3783,Occupational medicine: the way ahead.,"Seaton A, Agius R.",1995,4,0.1319301017607265,9,66,893,2.7203180276810848,0.576500829364815,0.14770330562744333,0.44786157224360346,66,75,1.6094379124341003
5309,Intensive medicine in Europe: A need.,"Navarrete Navarro P, León Gil C, González Díaz G.",2011,4,0.24328922637904532,18,136,2114,2.7215991685297563,0.5767723339294566,0.14770330562744333,0.4480516254388526,136,161,1.6094379124341003
5267,Transfusion strategies in bleeding critically ill adults: A clinical practice guideline from the European Society of Int,"Møller MH, Sigurðsson MI, Olkkola KT, Rehn M, Yli-Hankala A, Chew MS.",2022,17,0.3779495174287105,80,356,5889,2.5850462866274793,0.5478334933719335,0.26525873401838873,0.46306106556587007,356,495,2.8903717578961645
4027,Occupational and environmental health. Preparing residents to treat related illnesses.,"Can Fam Physician. 1996 Apr;42:594-6, 606-9.",1996,3,0.4182814928632028,90,153,3171,2.941544229312453,0.6233839832534173,0.12722470256737944,0.4745361990476059,153,253,1.3862943611198906
1178,Communicable Diseases.,"Tulchinsky TH, Varavikova EA.",2007,4,0.5793237877030567,131,775,14533,2.9025408164522624,0.6151182218118678,0.14770330562744333,0.47489374695654046,775,1259,1.6094379124341003
5208,Who will practise emergency medicine? Survey of family medicine graduates.,"Ovens H, Allen R, Cohen E.",1993,2,0.13528021305703317,26,184,2764,3.04377681096349,0.6450495265870287,0.10082319136734952,0.48178162602112495,184,220,1.0986122886681098
3699,The teaching of occupational health in US medical schools: little improvement in 9 years.,"Burstein JM, Levy BS.",1994,3,0.4798428955408728,14,152,2289,3.0324548318336575,0.6426501268506812,0.12722470256737944,0.48802249956569066,152,164,1.3862943611198906
7435,Demonstrating excellence in the scholarship of practice-based service for public health.,"Potter MA, Burdine J, Goldman L, Olson D, Silver GB, Smith LU, Villanueva AM, Wright K.",2009,0,0.5519691599055842,29,313,4477,3.2951452988981504,0.6983205560387,0.0,0.48882438922709,313,376,0.0
6913,Ethical problems arising in evidence based complementary and alternative medicine.,"Ernst E, Cohen MH, Stone J.",2004,30,0.41315407926536984,36,284,4256,2.734852837478226,0.579581105206627,0.3151480760246894,0.5002511964520457,284,322,3.4339872044851463
5255,Regional anaesthesia in patients on antithrombotic drugs - a joint ESAIC/ESRA guideline: Endorsement by the Scandinavian,"Møller MH, Sigurðsson MI, Olkkola KT, Rehn M, Yli-Hankala A, Chew MS.",2022,9,0.44097262728037984,76,349,5763,2.9543865146777106,0.6261055724531631,0.21131565691113308,0.5016685977905541,349,463,2.302585092994046
5248,Therapeutics and COVID-19-A living WHO guideline: Endorsement by the Scandinavian Society of Anaesthesiology and Intensi,"Møller MH, Chew MS, Olkkola KT, Rehn M, Yli-Hankala A, Sigurðsson MI.",2022,10,0.4801787762072124,57,339,5093,2.9748072807504657,0.6304332240208894,0.2200625793666591,0.5073220306246203,339,392,2.3978952727983707
2129,Family medicine and psychiatry. Opportunities for sharing mental health care.,"Kates N, Craven M.",1999,16,0.4229203780797445,63,79,2130,2.899840720370806,0.6145460064993622,0.26001312211664507,0.5081861411845471,79,155,2.833213344056216
177,Evolution of the American College of Cardiology and American Heart Association Cardiology Clinical Practice Guidelines: ,"DuBose-Briski V, Yao X, Dunlay SM, Dhruva SS, Ross JS, Shah ND, Noseworthy PA.",2019,8,0.5926029546324946,1286,3817,94367,3.052662615384598,0.64693264229858,0.20164638273469904,0.5133467644294157,3817,7433,2.1972245773362196
895,Experimental investigations in the endocrinology of schizophrenia.,"HEMPHILL RE, REISS M.",1948,22,0.2877544122022333,0,30,415,2.895756582534259,0.613680479444786,0.2877544122022333,0.5159026592720202,30,30,3.1354942159291497
7111,Transforming public health law: the Turning Point Model State Public Health Act.,"Hodge JG Jr, Gostin LO, Gebbie K, Erickson DL.",2006,41,0.5939154553268446,99,467,9711,2.7910316212785413,0.5914867409168739,0.3430179901309629,0.5169461156811006,467,800,3.7376696182833684
4025,Occupational and environmental illness and the poison center.,"Litovitz TL, White JD.",1990,10,0.3466296939449875,19,106,1685,3.0521549151088028,0.6468250483970265,0.2200625793666591,0.5187963076879163,106,129,2.3978952727983707
3762,Residency training in public health and general preventive medicine.,"Hayman CR, Cornely PB.",1970,8,0.159273572824775,13,123,1979,3.0928340949037563,0.655445945163888,0.20164638273469904,0.5193060764351313,123,173,2.1972245773362196
6262,A problem-based learning approach to teaching medical genetics.,"Moore CM, Barnett DR.",1992,4,0.7452125674247603,13,138,1777,3.205732674279247,0.6793718699939204,0.14770330562744333,0.5198713006839772,138,153,1.6094379124341003
1146,The surveillance of communicable disease in Vermont: who reports?,"Schramm MM, Vogt RL, Mamolen M.",1991,4,0.24901883712832976,5,145,1991,3.2101840257176057,0.6803152184443204,0.14770330562744333,0.5205316445992573,145,154,1.6094379124341003
6651,Discussing complementary therapies: there's more than efficacy to consider.,"Truant T, McKenzie M.",1999,3,0.47468067274804604,16,135,2129,3.284842096170068,0.696137059529317,0.12722470256737944,0.5254633524407357,135,153,1.3862943611198906
3652,The University of Maryland experience in integrating preventive medicine into the clinical medicine curriculum.,"Havas S, Rixey S, Sherwin R, Zimmerman SI, Anderson S.",1993,2,0.5654603761950918,20,259,3626,3.356181151699286,0.7112555215106741,0.10082319136734952,0.5281258224676767,259,280,1.0986122886681098
6505,THE FUTURE OF THE HEALTH DEPARTMENT IN MEDICAL GENETICS.,"ANDERSON UM, BANNERMAN RM.",1965,22,0.5284550459703827,11,98,1449,2.9842057453309287,0.6324249847526343,0.2877544122022333,0.529023812987514,98,111,3.1354942159291497
5855,A transatlantic comparison of training in emergency medicine.,"Wyatt JP, Weber JE.",1998,2,0.5361094799754982,64,306,4645,3.381740297373572,0.7166721193235566,0.10082319136734952,0.5319174409366945,306,370,1.0986122886681098
6344,Integrating complementary medicine and health care services into practice.,"LaValley JW, Verhoef MJ.",1995,5,0.3707370808078885,32,344,5001,3.274215330014811,0.6938849921461537,0.1644355426510392,0.5350501572976193,344,382,1.791759469228055
6199,"Complementary therapy use by cancer patients. Physicians' perceptions, attitudes, and ideas.","O'Beirne M, Verhoef M, Paluck E, Herbert C.",2004,11,0.30917547834347586,25,306,4557,3.160042223057098,0.6696889642617273,0.22804789393472896,0.5371966431636278,306,335,2.4849066497880004
1494,Paediatrics in the accident and emergency department.,"Phillips BM, Robson WJ.",1992,3,0.7357293446435734,5,71,1014,3.369373115484048,0.7140512159792907,0.12722470256737944,0.5380032619557172,71,76,1.3862943611198906
3622,Requirements for occupational medicine training in Europe: a Delphi study.,"Macdonald EB, Ritchie KA, Murray KJ, Gilmour WH.",2000,2,0.6341320670413588,16,264,3446,3.4536098813874236,0.7319030130530697,0.10082319136734952,0.5425790665473537,264,275,1.0986122886681098
7494,The contributions of managed care plans to public health practice: evidence from the nation's largest local health depar,"Mays GP, Halverson PK, Stevens R.",2001,2,0.5036098898685258,175,663,10044,3.458249633734376,0.7328862881881265,0.10082319136734952,0.5432673591418934,663,814,1.0986122886681098
4140,Eleventh Triennial Toxicology Salary Survey.,"Sullivan DW Jr, Gad SC.",2023,3,0.437648785658257,293,1326,29300,3.425678640662174,0.725983711236355,0.12722470256737944,0.5463560086356622,1326,1737,1.3862943611198906
5089,Emergency medicine terminology in the United Kingdom--time to follow the trend?,"Reid C, Chan L.",2001,2,0.6076387154630845,48,156,2567,3.4804694469471684,0.7375952011222607,0.10082319136734952,0.5465635981957874,156,201,1.0986122886681098
7138,Public Health Employees' Perceptions about the Impact of Emerging Public Health Trends on Their Day-to-Day Work: Effects,"Waterfield KC, Shah GH, Kimsey L, Mase W, Yin J.",2021,2,0.6654161662382151,803,2654,45054,3.480606443297888,0.7376242339445287,0.10082319136734952,0.546583921171375,2654,3479,1.0986122886681098
2028,Experiences of Gender Discrimination and Sexual Harassment Among Residents in General Surgery Programs Across the US.,"Schlick CJR, Ellis RJ, Etkin CD, Greenberg CC, Greenberg JA, Turner PL, Buyske J, Hoyt DB, Nasca TJ, Bilimoria KY, Hu YY.",2021,0,0.7309857364444664,869,3171,59770,3.68452407205631,0.7808392848705958,0.0,0.5465874994094171,3171,4035,0.0
7080,Preparing currently employed public health nurses for changes in the health system.,"Gebbie KM, Hwang I.",2000,2,0.6105435080914617,29,240,3299,3.502277073512292,0.7422167617902937,0.10082319136734952,0.5497986906634105,240,279,1.0986122886681098
3861,Development and evaluation of a quality assessment instrument for occupational physicians.,"van der Weide WE, Verbeek JH, van Dijk FJ, Hulshof CT.",1998,4,0.46883409468741466,128,918,13913,3.4235246173462652,0.7255272218790605,0.14770330562744333,0.5521800470035754,918,1079,1.6094379124341003
5728,Teaching in accident and emergency medicine: 10 commandments of accident and emergency radiology.,"Touquet R, Driscoll P, Nicholson D.",1995,2,0.4780502079051145,16,203,2970,3.525753686805029,0.7471920208946409,0.10082319136734952,0.5532813720364534,203,225,1.0986122886681098
3331,A Systematic Bibliometric Analysis of High-Impact Articles in Critical Care Nephrology.,"Platnich J, Kung JY, Romanovsky AS, Ostermann M, Wald R, Pannu N, Bagshaw SM.",2023,3,0.5497494989007341,1528,5455,95751,3.4763300147720004,0.7367179558671837,0.12722470256737944,0.5538699798772424,5455,7752,1.3862943611198906
4946,Toxicology: judge data or dollars?,"Crissman JW, Bus JS, Miller RR.",1999,7,0.09430446861326525,2,54,734,3.3483350136932444,0.7095927361224341,0.19083705385106914,0.5539660314410246,54,56,2.0794415416798357
4978,The 10 commandments of accident and emergency radiology.,"Touquet R, Driscoll P, Nicholson D.",1995,2,0.8503947017980186,15,58,910,3.538878880363821,0.7499735651461662,0.10082319136734952,0.5552284530125212,58,67,1.0986122886681098
6497,Innovations in human genetics education. Medical student elective in clinical genetics.,"Bodurtha J, Spence JE, Stevens CA.",1991,3,0.5712022753584375,11,152,2054,3.4868650595009605,0.7389505852736866,0.12722470256737944,0.5554328204617944,152,163,1.3862943611198906
3931,Relation between indicators for quality of occupational rehabilitation of employees with low back pain.,"van der Weide WE, Verbeek JH, van Dijk FJ.",1999,9,0.5338879054612556,60,437,6490,3.323763276852192,0.7043853939941771,0.21131565691113308,0.5564644728692638,437,505,2.302585092994046
4641,Guidelines for lumbar spine radiography in acute low back pain: effect of implementation in an accident and emergency de,"Tracey NG, Martin JB, McKinstry CS, Mathew BM.",1994,4,0.6782687718766183,38,243,3666,3.4602224978785596,0.733304385559012,0.14770330562744333,0.5576240615795415,243,280,1.6094379124341003
2387,Internal Medicine Program Directors' Awareness of Sexual Harassment Among Internal Medicine Residents in the USA.,"Schreidah C, Oliverio AL, Byrd KM, Lee KT, Meeks LM, Hingle S, Viglianti EM.",2024,0,0.7077035006911035,56,639,9004,3.7643077903146516,0.7977473740269769,0.0,0.5584231618188839,639,707,0.0
7252,Public health informatics: a CDC course for public health program managers.,"O'Carroll PW, Yasnoff WA, Wilhoite W.",1998,8,0.7029876108941868,14,158,1949,3.3579954488386345,0.7116400147187862,0.20164638273469904,0.55864192512356,158,168,2.1972245773362196
3431,Impact of pre-dialysis nephrology care engagement and decision-making on provider and patient action toward permanent va,"Grubbs V, Jaar BG, Cavanaugh KL, Ephraim PL, Ameling JM, Cook C, Greer RC, Boulware LE.",2021,0,0.7283926639545593,399,1770,28325,3.7699182449347464,0.798936364324687,0.0,0.5592554550272808,1770,2164,0.0
6579,Talking about cases in bioethics: the effect of an intensive course on health care professionals.,"Malek JI, Geller G, Sugarman J.",2000,5,0.581879452002987,43,331,5140,3.440997322830088,0.729230108490174,0.1644355426510392,0.5597917387384335,331,389,1.791759469228055
654,Internet resources for neurologists.,"Al-Shahi R, Sandercock PA.",2003,3,0.5523727558652355,21,166,2480,3.5408176280741595,0.7503844324240235,0.12722470256737944,0.5634365134670303,166,189,1.3862943611198906
4057,"Preventive attitudes, beliefs, and practices of physicians in fee-for-service and health maintenance organization settin","Scutchfield FD, de Moor C.",1989,2,0.651091159188571,14,201,2634,3.5969413128929597,0.7622783913346399,0.10082319136734952,0.5638418313444528,201,213,1.0986122886681098
3998,Evidence-based preventive practice guidelines. Qualitative study of useful resources on the Internet.,"Feightner JW, Marshall JN, Sangster LM, Wathen CN, Quintana Y.",2001,5,0.4694316492073291,42,343,4821,3.469695838442028,0.7353120143127538,0.1644355426510392,0.5640490728142394,343,398,1.791759469228055
5086,Effects of flipped classroom teaching in anaesthesiology residents: a protocol for systematic review and meta-analysis.,"Zhang D, Xiang J, Wei Y.",2024,17,0.5771149113711967,182,1154,17651,3.2675777013553993,0.6924783189600673,0.26525873401838873,0.5643124434775637,1154,1388,2.8903717578961645
